PRODUCT_ID,NAME         ,DESCRIPTION,PRICE
1         ,Ford         ,Crimson    ,18
2         ,Toyota       ,Pink       ,17
3         ,Kia          ,Indigo     ,15
4         ,Mercedes-Benz,Green      ,57
5         ,Saab         ,Crimson    ,43
6         ,Dodge        ,Aquamarine ,76
7         ,Toyota       ,Aquamarine ,6
8         ,Oldsmobile   ,Indigo     ,34
9         ,Buick        ,Turquoise  ,45
10        ,Nissan       ,Violet     ,36
11        ,Acura        ,Puce       ,21
12        ,Volkswagen   ,Turquoise  ,91
13        ,Plymouth     ,Crimson    ,27
14        ,Ford         ,Indigo     ,66
15        ,Chrysler     ,Goldenrod  ,19
16        ,Mitsubishi   ,Aquamarine ,84
17        ,Chevrolet    ,Orange     ,78
18        ,Chevrolet    ,Purple     ,81
19        ,Cadillac     ,Indigo     ,98
20        ,Toyota       ,Violet     ,28
21        ,Lexus        ,Mauv       ,54
22        ,Dodge        ,Aquamarine ,53
23        ,Mazda        ,Indigo     ,5
24        ,Ford         ,Puce       ,29
25        ,Nissan       ,Blue       ,62
26        ,Ford         ,Violet     ,85
27        ,GMC          ,Crimson    ,34
28        ,BMW          ,Crimson    ,38
29        ,Aston Martin ,Mauv       ,33
30        ,Pontiac      ,Purple     ,23
31        ,Dodge        ,Turquoise  ,42
32        ,Dodge        ,Blue       ,97
33        ,Mitsubishi   ,Purple     ,93
34        ,Honda        ,Crimson    ,4
35        ,Aston Martin ,Pink       ,59
36        ,Mazda        ,Violet     ,96
37        ,Porsche      ,Red        ,12
38        ,Hyundai      ,Indigo     ,20
39        ,Buick        ,Crimson    ,61
40        ,Suzuki       ,Violet     ,26
41        ,Chevrolet    ,Green      ,73
42        ,Cadillac     ,Khaki      ,51
43        ,Volkswagen   ,Blue       ,100
44        ,Nissan       ,Maroon     ,24
45        ,Toyota       ,Purple     ,68
46        ,Jeep         ,Crimson    ,3
47        ,Dodge        ,Crimson    ,7
48        ,Chevrolet    ,Turquoise  ,84
49        ,Land Rover   ,Fuscia     ,23
50        ,BMW          ,Goldenrod  ,5
51        ,Buick        ,Orange     ,80
52        ,Lotus        ,Purple     ,86
53        ,Volkswagen   ,Orange     ,11
54        ,Mitsubishi   ,Turquoise  ,8
55        ,Land Rover   ,Yellow     ,99
56        ,Volkswagen   ,Orange     ,42
57        ,Lexus        ,Fuscia     ,52
58        ,Chevrolet    ,Yellow     ,17
59        ,Buick        ,Pink       ,36
60        ,Chevrolet    ,Goldenrod  ,70
61        ,Suzuki       ,Fuscia     ,97
62        ,Honda        ,Fuscia     ,24
63        ,Mercedes-Benz,Orange     ,28
64        ,Infiniti     ,Crimson    ,93
65        ,Lexus        ,Orange     ,63
66        ,Acura        ,Aquamarine ,12
67        ,Nissan       ,Pink       ,56
68        ,Chevrolet    ,Aquamarine ,43
69        ,Volkswagen   ,Teal       ,40
70        ,Buick        ,Fuscia     ,84
71        ,Acura        ,Orange     ,95
72        ,Isuzu        ,Crimson    ,30
73        ,Pontiac      ,Green      ,13
74        ,Bentley      ,Green      ,65
75        ,Ford         ,Fuscia     ,89
76        ,Suzuki       ,Pink       ,63
77        ,Mercedes-Benz,Turquoise  ,75
78        ,Mercedes-Benz,Goldenrod  ,21
79        ,Chevrolet    ,Violet     ,86
80        ,Mercury      ,Green      ,80
81        ,Oldsmobile   ,Pink       ,51
82        ,Dodge        ,Pink       ,48
83        ,Mercury      ,Red        ,56
84        ,Saab         ,Mauv       ,92
85        ,MG           ,Maroon     ,62
86        ,Mitsubishi   ,Indigo     ,10
87        ,Chevrolet    ,Purple     ,4
88        ,Jeep         ,Maroon     ,69
89        ,Chevrolet    ,Yellow     ,3
90        ,Mercedes-Benz,Green      ,38
91        ,GMC          ,Indigo     ,3
92        ,Ford         ,Khaki      ,90
93        ,Pontiac      ,Mauv       ,14
94        ,Toyota       ,Goldenrod  ,63
95        ,Ford         ,Indigo     ,15
96        ,Ford         ,Indigo     ,89
97        ,Lincoln      ,Pink       ,59
98        ,Volkswagen   ,Indigo     ,42
99        ,Audi         ,Violet     ,29
100       ,BMW          ,Teal       ,58
101       ,Chevrolet    ,Turquoise  ,3
102       ,Subaru       ,Goldenrod  ,70
103       ,Pontiac      ,Crimson    ,51
104       ,Buick        ,Puce       ,85
105       ,Pontiac      ,Green      ,98
106       ,Lotus        ,Violet     ,78
107       ,Chevrolet    ,Mauv       ,90
108       ,Chevrolet    ,Teal       ,51
109       ,Volkswagen   ,Maroon     ,11
110       ,Lexus        ,Orange     ,27
111       ,Lexus        ,Goldenrod  ,21
112       ,Chevrolet    ,Purple     ,82
113       ,Lincoln      ,Blue       ,66
114       ,Ford         ,Red        ,32
115       ,Pontiac      ,Pink       ,24
116       ,Mitsubishi   ,Aquamarine ,14
117       ,Kia          ,Red        ,35
118       ,Chevrolet    ,Pink       ,67
119       ,Ford         ,Fuscia     ,80
120       ,GMC          ,Purple     ,95
121       ,Jeep         ,Maroon     ,44
122       ,Volkswagen   ,Aquamarine ,45
123       ,Chevrolet    ,Green      ,64
124       ,Toyota       ,Crimson    ,47
125       ,Mercedes-Benz,Indigo     ,51
126       ,Ford         ,Violet     ,19
127       ,Subaru       ,Aquamarine ,59
128       ,Audi         ,Green      ,95
129       ,Saturn       ,Mauv       ,47
130       ,Mitsubishi   ,Orange     ,66
131       ,Chevrolet    ,Khaki      ,34
132       ,Ferrari      ,Fuscia     ,100
133       ,BMW          ,Maroon     ,69
134       ,BMW          ,Indigo     ,58
135       ,Acura        ,Pink       ,77
136       ,Mercedes-Benz,Aquamarine ,19
137       ,Lexus        ,Violet     ,45
138       ,Lotus        ,Indigo     ,90
139       ,Aston Martin ,Indigo     ,71
140       ,Lincoln      ,Teal       ,41
141       ,Toyota       ,Pink       ,66
142       ,Nissan       ,Yellow     ,62
143       ,GMC          ,Puce       ,78
144       ,Volkswagen   ,Fuscia     ,39
145       ,Kia          ,Green      ,81
146       ,Toyota       ,Puce       ,51
147       ,Volkswagen   ,Goldenrod  ,65
148       ,Nissan       ,Puce       ,16
149       ,Volkswagen   ,Indigo     ,57
150       ,Infiniti     ,Khaki      ,70
151       ,Lincoln      ,Mauv       ,98
152       ,Chevrolet    ,Aquamarine ,74
153       ,Chevrolet    ,Green      ,98
154       ,Land Rover   ,Green      ,20
155       ,Acura        ,Fuscia     ,94
156       ,Lincoln      ,Puce       ,83
157       ,Oldsmobile   ,Blue       ,81
158       ,Chevrolet    ,Red        ,38
159       ,Mitsubishi   ,Green      ,41
160       ,GMC          ,Yellow     ,15
161       ,Dodge        ,Teal       ,59
162       ,Toyota       ,Teal       ,91
163       ,Porsche      ,Mauv       ,47
164       ,Toyota       ,Purple     ,42
165       ,Chevrolet    ,Orange     ,54
166       ,Hyundai      ,Goldenrod  ,12
167       ,GMC          ,Mauv       ,56
168       ,Honda        ,Pink       ,76
169       ,Maybach      ,Green      ,39
170       ,Chevrolet    ,Red        ,6
171       ,Toyota       ,Aquamarine ,72
172       ,Volkswagen   ,Khaki      ,9
173       ,Mitsubishi   ,Violet     ,14
174       ,Volvo        ,Maroon     ,9
175       ,Maserati     ,Red        ,90
176       ,Dodge        ,Mauv       ,25
177       ,Chevrolet    ,Indigo     ,37
178       ,Honda        ,Teal       ,90
179       ,Pontiac      ,Mauv       ,64
180       ,Infiniti     ,Yellow     ,78
181       ,Hummer       ,Puce       ,94
182       ,Kia          ,Blue       ,34
183       ,Infiniti     ,Mauv       ,83
184       ,Mazda        ,Crimson    ,42
185       ,Jaguar       ,Maroon     ,8
186       ,Mitsubishi   ,Yellow     ,21
187       ,Lincoln      ,Turquoise  ,62
188       ,Subaru       ,Khaki      ,38
189       ,Pontiac      ,Turquoise  ,88
190       ,Ford         ,Mauv       ,90
191       ,Chevrolet    ,Turquoise  ,22
192       ,Aston Martin ,Turquoise  ,13
193       ,CitroÃ«n      ,Maroon     ,54
194       ,Cadillac     ,Fuscia     ,29
195       ,Pontiac      ,Maroon     ,96
196       ,Mitsubishi   ,Green      ,87
197       ,Volvo        ,Crimson    ,72
198       ,Toyota       ,Puce       ,86
199       ,Plymouth     ,Red        ,36
200       ,Mercedes-Benz,Crimson    ,28
201       ,Volkswagen   ,Purple     ,13
202       ,Ford         ,Goldenrod  ,80
203       ,Ford         ,Purple     ,29
204       ,Lotus        ,Yellow     ,5
205       ,Lexus        ,Pink       ,3
206       ,Chevrolet    ,Khaki      ,19
207       ,GMC          ,Turquoise  ,65
208       ,Smart        ,Violet     ,50
209       ,Kia          ,Goldenrod  ,98
210       ,Honda        ,Aquamarine ,45
211       ,Mercedes-Benz,Pink       ,34
212       ,Chevrolet    ,Fuscia     ,28
213       ,GMC          ,Purple     ,95
214       ,Mercedes-Benz,Red        ,76
215       ,GMC          ,Maroon     ,89
216       ,Toyota       ,Maroon     ,21
217       ,Nissan       ,Mauv       ,72
218       ,Porsche      ,Khaki      ,32
219       ,Porsche      ,Mauv       ,12
220       ,Mitsubishi   ,Aquamarine ,71
221       ,Acura        ,Red        ,9
222       ,Volkswagen   ,Orange     ,95
223       ,Hummer       ,Indigo     ,17
224       ,Morgan       ,Mauv       ,47
225       ,Chevrolet    ,Maroon     ,61
226       ,Infiniti     ,Purple     ,38
227       ,Volkswagen   ,Crimson    ,87
228       ,Saab         ,Aquamarine ,42
229       ,Suzuki       ,Indigo     ,79
230       ,GMC          ,Pink       ,49
231       ,Toyota       ,Turquoise  ,37
232       ,BMW          ,Violet     ,2
233       ,GMC          ,Goldenrod  ,84
234       ,Saab         ,Green      ,91
235       ,Infiniti     ,Red        ,5
236       ,Ford         ,Yellow     ,74
237       ,Dodge        ,Green      ,87
238       ,Lexus        ,Blue       ,86
239       ,Audi         ,Green      ,5
240       ,Cadillac     ,Purple     ,59
241       ,Acura        ,Purple     ,11
242       ,Mazda        ,Yellow     ,30
243       ,GMC          ,Fuscia     ,78
244       ,Mazda        ,Fuscia     ,4
245       ,Dodge        ,Goldenrod  ,38
246       ,Mercury      ,Orange     ,50
247       ,Ford         ,Yellow     ,75
248       ,MINI         ,Mauv       ,40
249       ,Volvo        ,Violet     ,91
250       ,Dodge        ,Aquamarine ,1
251       ,Chevrolet    ,Mauv       ,32
252       ,Jeep         ,Red        ,22
253       ,BMW          ,Indigo     ,49
254       ,GMC          ,Fuscia     ,31
255       ,Mercedes-Benz,Fuscia     ,28
256       ,Buick        ,Red        ,5
257       ,Mazda        ,Blue       ,66
258       ,Mitsubishi   ,Puce       ,9
259       ,Ford         ,Crimson    ,16
260       ,Chevrolet    ,Aquamarine ,70
261       ,Jeep         ,Orange     ,21
262       ,Mazda        ,Purple     ,87
263       ,Dodge        ,Goldenrod  ,14
264       ,Mercedes-Benz,Orange     ,55
265       ,Volkswagen   ,Red        ,73
266       ,Volkswagen   ,Violet     ,67
267       ,Dodge        ,Indigo     ,81
268       ,Mazda        ,Puce       ,10
269       ,Volvo        ,Fuscia     ,9
270       ,Audi         ,Purple     ,20
271       ,Holden       ,Puce       ,70
272       ,Mercedes-Benz,Crimson    ,60
273       ,GMC          ,Orange     ,27
274       ,Volkswagen   ,Crimson    ,3
275       ,Dodge        ,Indigo     ,77
276       ,Chrysler     ,Puce       ,64
277       ,Mercury      ,Maroon     ,94
278       ,Chrysler     ,Green      ,98
279       ,Jaguar       ,Red        ,54
280       ,BMW          ,Indigo     ,13
281       ,Ford         ,Khaki      ,31
282       ,Isuzu        ,Blue       ,69
283       ,Plymouth     ,Green      ,10
284       ,Ferrari      ,Indigo     ,92
285       ,Lotus        ,Fuscia     ,84
286       ,Chrysler     ,Orange     ,76
287       ,Toyota       ,Crimson    ,79
288       ,Land Rover   ,Khaki      ,95
289       ,BMW          ,Crimson    ,46
290       ,Dodge        ,Purple     ,20
291       ,Dodge        ,Red        ,100
292       ,BMW          ,Maroon     ,53
293       ,GMC          ,Teal       ,2
294       ,Ford         ,Purple     ,28
295       ,Suzuki       ,Yellow     ,39
296       ,Honda        ,Green      ,39
297       ,Toyota       ,Purple     ,61
298       ,Toyota       ,Teal       ,54
299       ,Toyota       ,Teal       ,35
300       ,Audi         ,Orange     ,6
301       ,Ford         ,Maroon     ,79
302       ,Chevrolet    ,Teal       ,42
303       ,Mercedes-Benz,Yellow     ,23
304       ,Honda        ,Mauv       ,53
305       ,Kia          ,Khaki      ,59
306       ,Pontiac      ,Teal       ,51
307       ,Mitsubishi   ,Purple     ,35
308       ,Saturn       ,Turquoise  ,77
309       ,Cadillac     ,Orange     ,82
310       ,Infiniti     ,Aquamarine ,14
311       ,Nissan       ,Purple     ,19
312       ,Land Rover   ,Maroon     ,55
313       ,Lincoln      ,Yellow     ,20
314       ,Lamborghini  ,Maroon     ,100
315       ,Pontiac      ,Yellow     ,48
316       ,Ford         ,Red        ,17
317       ,Chevrolet    ,Goldenrod  ,76
318       ,BMW          ,Purple     ,79
319       ,Jaguar       ,Puce       ,92
320       ,Ford         ,Pink       ,66
321       ,BMW          ,Puce       ,99
322       ,Dodge        ,Turquoise  ,7
323       ,Ford         ,Puce       ,60
324       ,Maybach      ,Pink       ,85
325       ,Porsche      ,Orange     ,42
326       ,Toyota       ,Turquoise  ,36
327       ,Volvo        ,Indigo     ,8
328       ,Eagle        ,Turquoise  ,64
329       ,Lexus        ,Goldenrod  ,73
330       ,Toyota       ,Goldenrod  ,42
331       ,Kia          ,Aquamarine ,64
332       ,Ford         ,Puce       ,98
333       ,Pontiac      ,Green      ,4
334       ,GMC          ,Indigo     ,15
335       ,Mercury      ,Red        ,43
336       ,Mercury      ,Blue       ,96
337       ,Jaguar       ,Yellow     ,85
338       ,Ford         ,Orange     ,37
339       ,Volkswagen   ,Green      ,71
340       ,Chevrolet    ,Purple     ,52
341       ,Chevrolet    ,Blue       ,66
342       ,Toyota       ,Blue       ,1
343       ,Toyota       ,Purple     ,89
344       ,Chevrolet    ,Crimson    ,92
345       ,Honda        ,Fuscia     ,32
346       ,Hyundai      ,Puce       ,73
347       ,Hyundai      ,Blue       ,43
348       ,Mazda        ,Maroon     ,53
349       ,Mercury      ,Green      ,8
350       ,GMC          ,Pink       ,19
351       ,Chrysler     ,Mauv       ,77
352       ,Bentley      ,Goldenrod  ,86
353       ,Land Rover   ,Orange     ,15
354       ,GMC          ,Indigo     ,14
355       ,Lamborghini  ,Puce       ,51
356       ,Chrysler     ,Maroon     ,74
357       ,Audi         ,Blue       ,33
358       ,Pontiac      ,Purple     ,100
359       ,Mercedes-Benz,Red        ,79
360       ,Volkswagen   ,Puce       ,34
361       ,Ford         ,Green      ,7
362       ,Chevrolet    ,Goldenrod  ,39
363       ,Mazda        ,Turquoise  ,95
364       ,Jeep         ,Violet     ,52
365       ,Mitsubishi   ,Orange     ,47
366       ,Geo          ,Teal       ,85
367       ,Ford         ,Yellow     ,97
368       ,Toyota       ,Red        ,16
369       ,BMW          ,Orange     ,72
370       ,Toyota       ,Fuscia     ,62
371       ,Dodge        ,Fuscia     ,20
372       ,Cadillac     ,Maroon     ,57
373       ,Mitsubishi   ,Puce       ,30
374       ,Dodge        ,Teal       ,91
375       ,Jeep         ,Fuscia     ,71
376       ,Pontiac      ,Mauv       ,16
377       ,Land Rover   ,Orange     ,9
378       ,Maybach      ,Teal       ,69
379       ,Volkswagen   ,Mauv       ,85
380       ,Mercedes-Benz,Crimson    ,77
381       ,Toyota       ,Indigo     ,69
382       ,Dodge        ,Khaki      ,29
383       ,Chevrolet    ,Violet     ,45
384       ,Lincoln      ,Mauv       ,87
385       ,Volkswagen   ,Fuscia     ,17
386       ,Lincoln      ,Teal       ,79
387       ,Cadillac     ,Khaki      ,55
388       ,Audi         ,Blue       ,85
389       ,Chevrolet    ,Blue       ,43
390       ,Infiniti     ,Goldenrod  ,15
391       ,GMC          ,Orange     ,95
392       ,Saab         ,Red        ,81
393       ,Volkswagen   ,Green      ,81
394       ,Toyota       ,Maroon     ,97
395       ,Rolls-Royce  ,Fuscia     ,20
396       ,BMW          ,Mauv       ,53
397       ,Toyota       ,Maroon     ,30
398       ,Nissan       ,Puce       ,59
399       ,Nissan       ,Goldenrod  ,46
400       ,Ford         ,Fuscia     ,42
401       ,Mercedes-Benz,Turquoise  ,100
402       ,Pontiac      ,Yellow     ,32
403       ,BMW          ,Yellow     ,74
404       ,Ford         ,Purple     ,32
405       ,Pontiac      ,Goldenrod  ,73
406       ,Volkswagen   ,Khaki      ,57
407       ,Saab         ,Teal       ,15
408       ,Ford         ,Goldenrod  ,57
409       ,Ford         ,Red        ,48
410       ,Toyota       ,Mauv       ,75
411       ,Dodge        ,Blue       ,62
412       ,Volvo        ,Crimson    ,68
413       ,Toyota       ,Yellow     ,10
414       ,Jaguar       ,Violet     ,53
415       ,Mitsubishi   ,Orange     ,30
416       ,Audi         ,Violet     ,55
417       ,Maserati     ,Violet     ,25
418       ,Dodge        ,Teal       ,47
419       ,Subaru       ,Puce       ,48
420       ,Chevrolet    ,Goldenrod  ,91
421       ,Pontiac      ,Turquoise  ,19
422       ,Ford         ,Goldenrod  ,55
423       ,Honda        ,Turquoise  ,16
424       ,Honda        ,Khaki      ,73
425       ,Land Rover   ,Mauv       ,92
426       ,Suzuki       ,Violet     ,62
427       ,Ford         ,Red        ,77
428       ,Jeep         ,Fuscia     ,5
429       ,Ford         ,Violet     ,65
430       ,Jaguar       ,Violet     ,27
431       ,Kia          ,Indigo     ,10
432       ,Volvo        ,Goldenrod  ,22
433       ,Oldsmobile   ,Aquamarine ,66
434       ,Chrysler     ,Red        ,82
435       ,BMW          ,Goldenrod  ,51
436       ,Fiat         ,Maroon     ,66
437       ,Chevrolet    ,Goldenrod  ,20
438       ,Jaguar       ,Violet     ,19
439       ,Buick        ,Aquamarine ,97
440       ,Suzuki       ,Goldenrod  ,55
441       ,Lexus        ,Blue       ,77
442       ,Chevrolet    ,Blue       ,28
443       ,Nissan       ,Green      ,73
444       ,Honda        ,Crimson    ,26
445       ,Suzuki       ,Crimson    ,75
446       ,Dodge        ,Violet     ,61
447       ,Dodge        ,Pink       ,21
448       ,Toyota       ,Mauv       ,74
449       ,Buick        ,Purple     ,85
450       ,Oldsmobile   ,Green      ,51
451       ,Saab         ,Yellow     ,82
452       ,Maybach      ,Fuscia     ,59
453       ,Chevrolet    ,Crimson    ,90
454       ,Dodge        ,Yellow     ,70
455       ,Dodge        ,Red        ,68
456       ,Toyota       ,Orange     ,10
457       ,GMC          ,Red        ,80
458       ,Infiniti     ,Red        ,93
459       ,Mazda        ,Aquamarine ,56
460       ,Ford         ,Green      ,9
461       ,Hyundai      ,Blue       ,62
462       ,Mercury      ,Red        ,50
463       ,Volkswagen   ,Purple     ,60
464       ,Buick        ,Fuscia     ,2
465       ,Subaru       ,Yellow     ,81
466       ,Honda        ,Red        ,15
467       ,Mitsubishi   ,Yellow     ,55
468       ,Mercedes-Benz,Indigo     ,15
469       ,Nissan       ,Maroon     ,7
470       ,Mercury      ,Turquoise  ,59
471       ,Pontiac      ,Aquamarine ,8
472       ,Suzuki       ,Purple     ,71
473       ,Lincoln      ,Puce       ,3
474       ,Volkswagen   ,Indigo     ,46
475       ,Subaru       ,Maroon     ,3
476       ,Jeep         ,Pink       ,78
477       ,Toyota       ,Indigo     ,94
478       ,Geo          ,Turquoise  ,52
479       ,GMC          ,Purple     ,25
480       ,Acura        ,Orange     ,81
481       ,Chrysler     ,Turquoise  ,3
482       ,GMC          ,Purple     ,58
483       ,Nissan       ,Goldenrod  ,36
484       ,Ford         ,Puce       ,16
485       ,Jaguar       ,Green      ,20
486       ,Chevrolet    ,Teal       ,86
487       ,Chevrolet    ,Khaki      ,34
488       ,Mercedes-Benz,Blue       ,98
489       ,Mercury      ,Yellow     ,74
490       ,Volvo        ,Crimson    ,34
491       ,Saturn       ,Goldenrod  ,2
492       ,Mercedes-Benz,Crimson    ,5
493       ,Nissan       ,Turquoise  ,77
494       ,Nissan       ,Red        ,50
495       ,GMC          ,Puce       ,97
496       ,Hyundai      ,Crimson    ,74
497       ,Dodge        ,Purple     ,61
498       ,BMW          ,Orange     ,14
499       ,Chevrolet    ,Khaki      ,43
500       ,Lincoln      ,Red        ,84
501       ,Mercedes-Benz,Aquamarine ,49
502       ,Mercedes-Benz,Violet     ,40
503       ,Isuzu        ,Orange     ,38
504       ,Foose        ,Crimson    ,68
505       ,Chevrolet    ,Maroon     ,14
506       ,Toyota       ,Maroon     ,92
507       ,Chevrolet    ,Aquamarine ,44
508       ,Volkswagen   ,Red        ,71
509       ,Chevrolet    ,Orange     ,30
510       ,Volkswagen   ,Maroon     ,59
511       ,Ford         ,Teal       ,38
512       ,Kia          ,Green      ,27
513       ,Ford         ,Teal       ,51
514       ,Ford         ,Yellow     ,96
515       ,Volvo        ,Puce       ,91
516       ,Volvo        ,Indigo     ,67
517       ,Volkswagen   ,Maroon     ,7
518       ,Toyota       ,Crimson    ,21
519       ,Cadillac     ,Blue       ,89
520       ,Ford         ,Goldenrod  ,91
521       ,Volvo        ,Mauv       ,4
522       ,Pontiac      ,Purple     ,43
523       ,Infiniti     ,Yellow     ,83
524       ,Dodge        ,Orange     ,72
525       ,Subaru       ,Red        ,64
526       ,Jeep         ,Maroon     ,28
527       ,Dodge        ,Indigo     ,43
528       ,Mitsubishi   ,Aquamarine ,2
529       ,Toyota       ,Khaki      ,44
530       ,GMC          ,Puce       ,89
531       ,Audi         ,Maroon     ,57
532       ,Chevrolet    ,Puce       ,33
533       ,Audi         ,Turquoise  ,81
534       ,Ford         ,Maroon     ,88
535       ,Lexus        ,Green      ,43
536       ,Suzuki       ,Fuscia     ,89
537       ,Suzuki       ,Goldenrod  ,94
538       ,Infiniti     ,Blue       ,21
539       ,Lincoln      ,Violet     ,89
540       ,Mitsubishi   ,Pink       ,9
541       ,Nissan       ,Fuscia     ,73
542       ,Lincoln      ,Crimson    ,10
543       ,Mazda        ,Violet     ,69
544       ,GMC          ,Orange     ,68
545       ,Mercedes-Benz,Crimson    ,70
546       ,Volkswagen   ,Yellow     ,32
547       ,Ford         ,Yellow     ,88
548       ,Volvo        ,Violet     ,30
549       ,Maserati     ,Puce       ,44
550       ,Ford         ,Khaki      ,99
551       ,Mercury      ,Orange     ,78
552       ,Ford         ,Indigo     ,75
553       ,Oldsmobile   ,Teal       ,14
554       ,Aston Martin ,Violet     ,67
555       ,Audi         ,Pink       ,1
556       ,Mazda        ,Green      ,67
557       ,Toyota       ,Blue       ,89
558       ,Ford         ,Maroon     ,2
559       ,Eagle        ,Fuscia     ,90
560       ,Audi         ,Puce       ,3
561       ,Nissan       ,Indigo     ,50
562       ,Ford         ,Crimson    ,13
563       ,Audi         ,Fuscia     ,8
564       ,Mitsubishi   ,Turquoise  ,13
565       ,Ford         ,Mauv       ,80
566       ,Volkswagen   ,Indigo     ,67
567       ,Maserati     ,Blue       ,11
568       ,Chevrolet    ,Khaki      ,29
569       ,Porsche      ,Aquamarine ,24
570       ,Mazda        ,Fuscia     ,68
571       ,Acura        ,Green      ,47
572       ,Kia          ,Maroon     ,99
573       ,Cadillac     ,Maroon     ,32
574       ,Mazda        ,Goldenrod  ,43
575       ,Subaru       ,Maroon     ,82
576       ,Mitsubishi   ,Indigo     ,44
577       ,Buick        ,Turquoise  ,55
578       ,Volkswagen   ,Puce       ,98
579       ,Pontiac      ,Khaki      ,9
580       ,Kia          ,Green      ,27
581       ,Pontiac      ,Red        ,72
582       ,Nissan       ,Mauv       ,47
583       ,Nissan       ,Mauv       ,14
584       ,Chrysler     ,Indigo     ,26
585       ,Audi         ,Turquoise  ,47
586       ,Toyota       ,Goldenrod  ,47
587       ,Mazda        ,Blue       ,53
588       ,Kia          ,Blue       ,69
589       ,Chevrolet    ,Goldenrod  ,60
590       ,Buick        ,Goldenrod  ,37
591       ,Honda        ,Puce       ,51
592       ,Porsche      ,Orange     ,22
593       ,Mercedes-Benz,Puce       ,62
594       ,Land Rover   ,Mauv       ,45
595       ,Chevrolet    ,Puce       ,59
596       ,Hyundai      ,Turquoise  ,46
597       ,Saturn       ,Goldenrod  ,51
598       ,Infiniti     ,Pink       ,68
599       ,Chevrolet    ,Turquoise  ,35
600       ,Toyota       ,Aquamarine ,52
601       ,Ford         ,Turquoise  ,79
602       ,Ford         ,Turquoise  ,55
603       ,Suzuki       ,Aquamarine ,17
604       ,Jaguar       ,Maroon     ,49
605       ,GMC          ,Indigo     ,30
606       ,Volkswagen   ,Purple     ,100
607       ,Infiniti     ,Mauv       ,64
608       ,Nissan       ,Maroon     ,62
609       ,Chevrolet    ,Indigo     ,50
610       ,Dodge        ,Maroon     ,83
611       ,Toyota       ,Indigo     ,11
612       ,GMC          ,Fuscia     ,1
613       ,Mercedes-Benz,Aquamarine ,30
614       ,Buick        ,Puce       ,1
615       ,Hyundai      ,Pink       ,8
616       ,Mazda        ,Indigo     ,26
617       ,Isuzu        ,Purple     ,66
618       ,Mercedes-Benz,Green      ,51
619       ,Audi         ,Yellow     ,98
620       ,Hyundai      ,Mauv       ,20
621       ,Mercedes-Benz,Puce       ,84
622       ,Chevrolet    ,Khaki      ,56
623       ,Toyota       ,Pink       ,20
624       ,Dodge        ,Violet     ,27
625       ,Mazda        ,Fuscia     ,35
626       ,Chrysler     ,Blue       ,16
627       ,Kia          ,Green      ,93
628       ,Ford         ,Teal       ,39
629       ,Infiniti     ,Puce       ,37
630       ,Ford         ,Orange     ,11
631       ,Suzuki       ,Goldenrod  ,80
632       ,BMW          ,Green      ,9
633       ,Mitsubishi   ,Fuscia     ,44
634       ,Pontiac      ,Aquamarine ,41
635       ,Jaguar       ,Green      ,19
636       ,Chevrolet    ,Fuscia     ,70
637       ,Mazda        ,Red        ,12
638       ,Jensen       ,Turquoise  ,53
639       ,Chevrolet    ,Crimson    ,5
640       ,Saturn       ,Orange     ,1
641       ,BMW          ,Orange     ,2
642       ,Pontiac      ,Teal       ,36
643       ,Ford         ,Goldenrod  ,62
644       ,Chevrolet    ,Puce       ,32
645       ,Audi         ,Crimson    ,86
646       ,Volkswagen   ,Goldenrod  ,50
647       ,Mercedes-Benz,Blue       ,79
648       ,Ford         ,Crimson    ,48
649       ,Toyota       ,Purple     ,73
650       ,Pontiac      ,Blue       ,83
651       ,Lexus        ,Turquoise  ,80
652       ,Volkswagen   ,Green      ,37
653       ,Hyundai      ,Teal       ,25
654       ,Cadillac     ,Goldenrod  ,92
655       ,Acura        ,Indigo     ,85
656       ,Nissan       ,Green      ,67
657       ,Toyota       ,Turquoise  ,15
658       ,Mercury      ,Turquoise  ,97
659       ,Toyota       ,Blue       ,82
660       ,Plymouth     ,Goldenrod  ,1
661       ,Volkswagen   ,Turquoise  ,8
662       ,Mazda        ,Red        ,51
663       ,BMW          ,Green      ,5
664       ,Toyota       ,Khaki      ,96
665       ,Chevrolet    ,Red        ,62
666       ,BMW          ,Teal       ,49
667       ,Isuzu        ,Pink       ,67
668       ,Mercedes-Benz,Pink       ,43
669       ,Porsche      ,Goldenrod  ,60
670       ,Chevrolet    ,Crimson    ,80
671       ,Jeep         ,Pink       ,89
672       ,GMC          ,Orange     ,91
673       ,Chevrolet    ,Pink       ,16
674       ,Mitsubishi   ,Mauv       ,88
675       ,Mercedes-Benz,Orange     ,9
676       ,Ford         ,Puce       ,42
677       ,Ford         ,Maroon     ,40
678       ,Buick        ,Yellow     ,45
679       ,Infiniti     ,Purple     ,34
680       ,Porsche      ,Fuscia     ,67
681       ,Mercury      ,Mauv       ,63
682       ,Mercedes-Benz,Indigo     ,5
683       ,Eagle        ,Puce       ,1
684       ,GMC          ,Pink       ,3
685       ,GMC          ,Indigo     ,92
686       ,Chrysler     ,Blue       ,61
687       ,Cadillac     ,Fuscia     ,71
688       ,McLaren      ,Teal       ,62
689       ,Nissan       ,Aquamarine ,14
690       ,Acura        ,Violet     ,69
691       ,Ford         ,Aquamarine ,86
692       ,BMW          ,Teal       ,71
693       ,Jaguar       ,Turquoise  ,18
694       ,Chevrolet    ,Green      ,45
695       ,Lincoln      ,Fuscia     ,25
696       ,Audi         ,Khaki      ,27
697       ,Toyota       ,Violet     ,18
698       ,Chevrolet    ,Blue       ,88
699       ,Lotus        ,Blue       ,35
700       ,Mazda        ,Khaki      ,66
701       ,Chrysler     ,Fuscia     ,15
702       ,Mazda        ,Indigo     ,30
703       ,Volkswagen   ,Maroon     ,91
704       ,Buick        ,Turquoise  ,13
705       ,Toyota       ,Maroon     ,73
706       ,Chrysler     ,Blue       ,76
707       ,GMC          ,Purple     ,90
708       ,Volvo        ,Blue       ,34
709       ,Chevrolet    ,Mauv       ,77
710       ,BMW          ,Turquoise  ,87
711       ,Chevrolet    ,Crimson    ,72
712       ,Ford         ,Green      ,26
713       ,Audi         ,Blue       ,22
714       ,Porsche      ,Blue       ,57
715       ,Nissan       ,Goldenrod  ,10
716       ,Volkswagen   ,Fuscia     ,70
717       ,Volvo        ,Maroon     ,10
718       ,Land Rover   ,Puce       ,88
719       ,Lotus        ,Yellow     ,86
720       ,Ford         ,Indigo     ,75
721       ,Bentley      ,Yellow     ,99
722       ,Oldsmobile   ,Indigo     ,18
723       ,Maserati     ,Turquoise  ,14
724       ,Hyundai      ,Khaki      ,30
725       ,Ford         ,Goldenrod  ,95
726       ,Chevrolet    ,Blue       ,86
727       ,Chrysler     ,Maroon     ,48
728       ,Ford         ,Teal       ,18
729       ,Chevrolet    ,Turquoise  ,10
730       ,Hyundai      ,Purple     ,30
731       ,BMW          ,Maroon     ,63
732       ,Lexus        ,Purple     ,40
733       ,Acura        ,Purple     ,18
734       ,Oldsmobile   ,Teal       ,51
735       ,Pontiac      ,Fuscia     ,88
736       ,Porsche      ,Indigo     ,61
737       ,Pontiac      ,Turquoise  ,9
738       ,Hummer       ,Puce       ,28
739       ,Isuzu        ,Purple     ,68
740       ,Nissan       ,Crimson    ,6
741       ,Hyundai      ,Indigo     ,13
742       ,Lincoln      ,Khaki      ,95
743       ,Jaguar       ,Khaki      ,59
744       ,Volkswagen   ,Purple     ,12
745       ,GMC          ,Turquoise  ,5
746       ,Suzuki       ,Crimson    ,18
747       ,Nissan       ,Indigo     ,21
748       ,Mazda        ,Purple     ,35
749       ,BMW          ,Violet     ,69
750       ,Spyker       ,Yellow     ,24
751       ,Aston Martin ,Pink       ,40
752       ,Mazda        ,Orange     ,46
753       ,Pontiac      ,Goldenrod  ,42
754       ,Nissan       ,Fuscia     ,75
755       ,Kia          ,Maroon     ,99
756       ,BMW          ,Aquamarine ,51
757       ,Kia          ,Violet     ,16
758       ,Ferrari      ,Indigo     ,54
759       ,Infiniti     ,Fuscia     ,2
760       ,Nissan       ,Goldenrod  ,38
761       ,Acura        ,Indigo     ,61
762       ,Mercury      ,Red        ,24
763       ,Lamborghini  ,Violet     ,52
764       ,Suzuki       ,Turquoise  ,11
765       ,Audi         ,Goldenrod  ,51
766       ,Dodge        ,Crimson    ,31
767       ,Acura        ,Red        ,54
768       ,Hyundai      ,Yellow     ,16
769       ,Porsche      ,Puce       ,77
770       ,Lexus        ,Pink       ,69
771       ,Hyundai      ,Violet     ,27
772       ,Panoz        ,Khaki      ,68
773       ,Chrysler     ,Yellow     ,3
774       ,Ford         ,Indigo     ,43
775       ,Bentley      ,Fuscia     ,73
776       ,Mazda        ,Khaki      ,80
777       ,Cadillac     ,Violet     ,81
778       ,Buick        ,Red        ,3
779       ,Pontiac      ,Goldenrod  ,8
780       ,Mitsubishi   ,Teal       ,25
781       ,Mitsubishi   ,Orange     ,55
782       ,Ford         ,Khaki      ,93
783       ,Chevrolet    ,Orange     ,31
784       ,Daewoo       ,Puce       ,98
785       ,MINI         ,Mauv       ,23
786       ,Lexus        ,Turquoise  ,49
787       ,Nissan       ,Indigo     ,63
788       ,Ford         ,Orange     ,22
789       ,Infiniti     ,Orange     ,18
790       ,Jeep         ,Purple     ,13
791       ,Mercury      ,Green      ,14
792       ,GMC          ,Fuscia     ,35
793       ,Pontiac      ,Red        ,27
794       ,Lexus        ,Fuscia     ,9
795       ,BMW          ,Violet     ,40
796       ,Infiniti     ,Indigo     ,9
797       ,GMC          ,Aquamarine ,26
798       ,Mercury      ,Yellow     ,6
799       ,Honda        ,Fuscia     ,85
800       ,GMC          ,Maroon     ,29
801       ,Audi         ,Khaki      ,44
802       ,GMC          ,Purple     ,90
803       ,Mercedes-Benz,Fuscia     ,68
804       ,Ford         ,Goldenrod  ,15
805       ,Mitsubishi   ,Indigo     ,38
806       ,Volkswagen   ,Goldenrod  ,82
807       ,Honda        ,Khaki      ,10
808       ,Nissan       ,Teal       ,35
809       ,Chevrolet    ,Pink       ,95
810       ,Mazda        ,Pink       ,2
811       ,Isuzu        ,Pink       ,17
812       ,Subaru       ,Pink       ,83
813       ,Honda        ,Orange     ,63
814       ,GMC          ,Yellow     ,66
815       ,Audi         ,Blue       ,77
816       ,Jeep         ,Yellow     ,52
817       ,MINI         ,Indigo     ,78
818       ,Toyota       ,Fuscia     ,74
819       ,Ferrari      ,Red        ,75
820       ,Ford         ,Yellow     ,3
821       ,Toyota       ,Orange     ,24
822       ,Nissan       ,Indigo     ,96
823       ,Toyota       ,Puce       ,97
824       ,Cadillac     ,Khaki      ,39
825       ,BMW          ,Green      ,82
826       ,Lexus        ,Goldenrod  ,31
827       ,BMW          ,Indigo     ,57
828       ,GMC          ,Crimson    ,42
829       ,Toyota       ,Green      ,67
830       ,Jaguar       ,Indigo     ,16
831       ,Honda        ,Red        ,32
832       ,BMW          ,Red        ,53
833       ,Toyota       ,Turquoise  ,96
834       ,Kia          ,Turquoise  ,9
835       ,Nissan       ,Orange     ,52
836       ,Mazda        ,Red        ,50
837       ,Saab         ,Green      ,77
838       ,Mercury      ,Red        ,16
839       ,Buick        ,Aquamarine ,92
840       ,Audi         ,Aquamarine ,23
841       ,Ford         ,Aquamarine ,21
842       ,Spyker       ,Khaki      ,89
843       ,GMC          ,Indigo     ,75
844       ,Plymouth     ,Goldenrod  ,75
845       ,Mercedes-Benz,Turquoise  ,12
846       ,Toyota       ,Indigo     ,50
847       ,Mercury      ,Aquamarine ,28
848       ,BMW          ,Crimson    ,21
849       ,Mercedes-Benz,Green      ,35
850       ,Ferrari      ,Puce       ,25
851       ,Audi         ,Green      ,21
852       ,Toyota       ,Maroon     ,42
853       ,Ford         ,Red        ,30
854       ,BMW          ,Yellow     ,79
855       ,Acura        ,Aquamarine ,89
856       ,Acura        ,Indigo     ,62
857       ,Kia          ,Orange     ,29
858       ,Infiniti     ,Violet     ,52
859       ,Ford         ,Pink       ,30
860       ,Mitsubishi   ,Crimson    ,54
861       ,Ford         ,Green      ,19
862       ,Oldsmobile   ,Indigo     ,4
863       ,Ford         ,Aquamarine ,92
864       ,Nissan       ,Aquamarine ,98
865       ,Nissan       ,Red        ,73
866       ,Mazda        ,Teal       ,10
867       ,Scion        ,Violet     ,34
868       ,Porsche      ,Puce       ,81
869       ,GMC          ,Blue       ,45
870       ,GMC          ,Khaki      ,21
871       ,Cadillac     ,Goldenrod  ,48
872       ,Volkswagen   ,Orange     ,19
873       ,Audi         ,Purple     ,42
874       ,GMC          ,Yellow     ,71
875       ,Toyota       ,Purple     ,41
876       ,Audi         ,Mauv       ,78
877       ,Dodge        ,Orange     ,58
878       ,Suzuki       ,Yellow     ,53
879       ,Ferrari      ,Crimson    ,81
880       ,Aston Martin ,Pink       ,87
881       ,Honda        ,Khaki      ,96
882       ,Buick        ,Khaki      ,1
883       ,Ford         ,Red        ,81
884       ,Oldsmobile   ,Khaki      ,42
885       ,Pontiac      ,Yellow     ,35
886       ,Ford         ,Teal       ,38
887       ,Mercury      ,Green      ,90
888       ,Jeep         ,Crimson    ,94
889       ,Mazda        ,Indigo     ,23
890       ,Ram          ,Mauv       ,100
891       ,Ford         ,Purple     ,10
892       ,Mitsubishi   ,Turquoise  ,28
893       ,Acura        ,Green      ,74
894       ,Subaru       ,Violet     ,60
895       ,Mercedes-Benz,Maroon     ,59
896       ,BMW          ,Puce       ,60
897       ,Toyota       ,Maroon     ,74
898       ,Audi         ,Khaki      ,14
899       ,Lotus        ,Teal       ,10
900       ,Ford         ,Yellow     ,58
901       ,Buick        ,Goldenrod  ,93
902       ,Mercedes-Benz,Khaki      ,41
903       ,Chevrolet    ,Fuscia     ,67
904       ,Jeep         ,Puce       ,43
905       ,Honda        ,Teal       ,8
906       ,Chevrolet    ,Red        ,5
907       ,Ford         ,Violet     ,24
908       ,Chevrolet    ,Orange     ,13
909       ,Mitsubishi   ,Orange     ,75
910       ,Nissan       ,Khaki      ,71
911       ,Pontiac      ,Mauv       ,73
912       ,GMC          ,Yellow     ,6
913       ,Chevrolet    ,Red        ,93
914       ,BMW          ,Red        ,95
915       ,GMC          ,Violet     ,48
916       ,Mazda        ,Goldenrod  ,51
917       ,Land Rover   ,Indigo     ,17
918       ,Volkswagen   ,Goldenrod  ,22
919       ,Lincoln      ,Red        ,76
920       ,BMW          ,Purple     ,42
921       ,Chevrolet    ,Maroon     ,53
922       ,Chevrolet    ,Puce       ,70
923       ,Chevrolet    ,Turquoise  ,47
924       ,Toyota       ,Aquamarine ,45
925       ,Ford         ,Maroon     ,69
926       ,Lincoln      ,Teal       ,36
927       ,Toyota       ,Purple     ,71
928       ,Mitsubishi   ,Fuscia     ,8
929       ,Daewoo       ,Green      ,3
930       ,Volkswagen   ,Green      ,98
931       ,Pontiac      ,Orange     ,63
932       ,Jeep         ,Fuscia     ,14
933       ,Mercury      ,Blue       ,98
934       ,Geo          ,Yellow     ,20
935       ,Lotus        ,Yellow     ,45
936       ,Buick        ,Aquamarine ,47
937       ,Mitsubishi   ,Green      ,89
938       ,Dodge        ,Fuscia     ,89
939       ,Saab         ,Purple     ,77
940       ,Oldsmobile   ,Turquoise  ,56
941       ,GMC          ,Aquamarine ,71
942       ,Mitsubishi   ,Mauv       ,10
943       ,Oldsmobile   ,Green      ,1
944       ,Ford         ,Turquoise  ,56
945       ,Cadillac     ,Green      ,65
946       ,Volvo        ,Blue       ,40
947       ,Buick        ,Teal       ,97
948       ,Ford         ,Red        ,47
949       ,Honda        ,Teal       ,3
950       ,Ford         ,Red        ,32
951       ,Dodge        ,Turquoise  ,4
952       ,Chevrolet    ,Maroon     ,24
953       ,Ford         ,Purple     ,85
954       ,Subaru       ,Orange     ,53
955       ,GMC          ,Mauv       ,52
956       ,Ford         ,Violet     ,94
957       ,Mercedes-Benz,Yellow     ,34
958       ,Plymouth     ,Khaki      ,37
959       ,Mercury      ,Maroon     ,15
960       ,Infiniti     ,Mauv       ,88
961       ,Audi         ,Teal       ,86
962       ,Ford         ,Teal       ,30
963       ,Plymouth     ,Purple     ,45
964       ,GMC          ,Maroon     ,36
965       ,Nissan       ,Blue       ,32
966       ,Chevrolet    ,Turquoise  ,89
967       ,Toyota       ,Crimson    ,11
968       ,Chrysler     ,Mauv       ,6
969       ,Aptera       ,Aquamarine ,43
970       ,Volkswagen   ,Puce       ,43
971       ,Honda        ,Pink       ,25
972       ,Buick        ,Aquamarine ,79
973       ,Lincoln      ,Teal       ,9
974       ,Pontiac      ,Purple     ,5
975       ,Dodge        ,Yellow     ,86
976       ,BMW          ,Crimson    ,74
977       ,Honda        ,Green      ,49
978       ,Dodge        ,Blue       ,81
979       ,Mitsubishi   ,Khaki      ,37
980       ,Honda        ,Khaki      ,33
981       ,BMW          ,Orange     ,59
982       ,GMC          ,Mauv       ,71
983       ,Mercedes-Benz,Teal       ,32
984       ,Mazda        ,Red        ,55
985       ,GMC          ,Violet     ,95
986       ,Ford         ,Purple     ,40
987       ,Ford         ,Khaki      ,53
988       ,Mazda        ,Goldenrod  ,53
989       ,Oldsmobile   ,Puce       ,65
990       ,Volkswagen   ,Violet     ,34
991       ,Ford         ,Orange     ,31
992       ,Audi         ,Teal       ,88
993       ,Acura        ,Teal       ,99
994       ,Ford         ,Teal       ,27
995       ,Suzuki       ,Crimson    ,63
996       ,Pontiac      ,Aquamarine ,14
997       ,Maybach      ,Orange     ,35
998       ,Toyota       ,Khaki      ,73
999       ,Chevrolet    ,Blue       ,69
1000      ,Lamborghini  ,Goldenrod  ,16
